MySQL Shell 8.0.38

Copyright (c) 2016, 2024, Oracle and/or its affiliates.
Oracle is a registered trademark of Oracle Corporation and/or its affiliates.
Other names may be trademarks of their respective owners.

Type '\help' or '\?' for help; '\quit' to exit.
 MySQL  JS > \sql
Switching to SQL mode... Commands end with ;
 MySQL  SQL > \connect --mc root@localhost
Creating a Classic session to 'root@localhost'
Fetching global names for auto-completion... Press ^C to stop.
Your MySQL connection id is 14
Server version: 8.0.39 MySQL Community Server - GPL
No default schema selected; type \use <schema> to set one.
 MySQL  localhost:3306 ssl  SQL > use tbd_e3;
Default schema set to tbd_e3.
Fetching global names, object names from tbd_e3 for auto-completion... Press ^C to stop.
 MySQL  localhost:3306 ssl  tbd_e3  SQL > create table personas(id int auto_increment key,
                                       -> nombre varchar(30) not null,
                                       -> apellido_pat varchar(30) not null,
                                       -> apellido_mat varchar(30),
                                       -> fecha_nac date,
                                       -> clave_rfc varchar(12));
Query OK, 0 rows affected (0.0435 sec)
 MySQL  localhost:3306 ssl  tbd_e3  SQL > INSERT INTO personas (nombre, apellido_pat, apellido_mat, fecha_nac, clave_rfc) VALUES
                                       -> ('Juan', 'Pérez', 'Gómez', '1990-05-15', NULL),
                                       -> ('María', 'López', 'Martínez', '1985-09-20', NULL),
                                       -> ('Carlos', 'Hernández', NULL, '1978-12-10', NULL),
                                       -> ('Ana', 'Ramírez', 'Díaz', '1995-07-30', NULL),
                                       -> ('Luis', 'García', 'Sánchez', '2000-03-25', NULL);
Query OK, 5 rows affected (0.0099 sec)

Records: 5  Duplicates: 0  Warnings: 0
 MySQL  localhost:3306 ssl  tbd_e3  SQL > show tables
                                       -> ;
+------------------+
| Tables_in_tbd_e3 |
+------------------+
| personas         |
| productos        |
| prueba           |
+------------------+
3 rows in set (0.0039 sec)
 MySQL  localhost:3306 ssl  tbd_e3  SQL > desc personas;
+--------------+-------------+------+-----+---------+----------------+
| Field        | Type        | Null | Key | Default | Extra          |
+--------------+-------------+------+-----+---------+----------------+
| id           | int         | NO   | PRI | NULL    | auto_increment |
| nombre       | varchar(30) | NO   |     | NULL    |                |
| apellido_pat | varchar(30) | NO   |     | NULL    |                |
| apellido_mat | varchar(30) | YES  |     | NULL    |                |
| fecha_nac    | date        | YES  |     | NULL    |                |
| clave_rfc    | varchar(12) | YES  |     | NULL    |                |
+--------------+-------------+------+-----+---------+----------------+
6 rows in set (0.0033 sec)
 MySQL  localhost:3306 ssl  tbd_e3  SQL > select * from personas;
+----+--------+--------------+--------------+------------+-----------+
| id | nombre | apellido_pat | apellido_mat | fecha_nac  | clave_rfc |
+----+--------+--------------+--------------+------------+-----------+
|  1 | Juan   | Pérez        | Gómez        | 1990-05-15 | NULL      |
|  2 | María  | López        | Martínez     | 1985-09-20 | NULL      |
|  3 | Carlos | Hernández    | NULL         | 1978-12-10 | NULL      |
|  4 | Ana    | Ramírez      | Díaz         | 1995-07-30 | NULL      |
|  5 | Luis   | García       | Sánchez      | 2000-03-25 | NULL      |
+----+--------+--------------+--------------+------------+-----------+
5 rows in set (0.0031 sec)
 MySQL  localhost:3306 ssl  tbd_e3  SQL > SELECT generar_rfc('Juan', 'Perez', 'Jolote', '1975-11-23') AS rfc;
+--------------+
| rfc          |
+--------------+
| PEJJ19751123 |
+--------------+
1 row in set (0.0062 sec)
 MySQL  localhost:3306 ssl  tbd_e3  SQL > call crear_rfc;
ERROR: 1364 (HY000): Field 'nombre' doesn't have a default value
 MySQL  localhost:3306 ssl  tbd_e3  SQL > call crear_rfc;
Query OK, 0 rows affected (0.0333 sec)
 MySQL  localhost:3306 ssl  tbd_e3  SQL > select * from personas;
+----+--------+--------------+--------------+------------+--------------+
| id | nombre | apellido_pat | apellido_mat | fecha_nac  | clave_rfc    |
+----+--------+--------------+--------------+------------+--------------+
|  1 | Juan   | Pérez        | Gómez        | 1990-05-15 | GASL20000325 |
|  2 | María  | López        | Martínez     | 1985-09-20 | GASL20000325 |
|  3 | Carlos | Hernández    | NULL         | 1978-12-10 | GASL20000325 |
|  4 | Ana    | Ramírez      | Díaz         | 1995-07-30 | GASL20000325 |
|  5 | Luis   | García       | Sánchez      | 2000-03-25 | GASL20000325 |
+----+--------+--------------+--------------+------------+--------------+
5 rows in set (0.0005 sec)
 MySQL  localhost:3306 ssl  tbd_e3  SQL > update personas set clave_rfc = null;
Query OK, 5 rows affected (0.0073 sec)

Rows matched: 5  Changed: 5  Warnings: 0
 MySQL  localhost:3306 ssl  tbd_e3  SQL > select * from personas;
+----+--------+--------------+--------------+------------+-----------+
| id | nombre | apellido_pat | apellido_mat | fecha_nac  | clave_rfc |
+----+--------+--------------+--------------+------------+-----------+
|  1 | Juan   | Pérez        | Gómez        | 1990-05-15 | NULL      |
|  2 | María  | López        | Martínez     | 1985-09-20 | NULL      |
|  3 | Carlos | Hernández    | NULL         | 1978-12-10 | NULL      |
|  4 | Ana    | Ramírez      | Díaz         | 1995-07-30 | NULL      |
|  5 | Luis   | García       | Sánchez      | 2000-03-25 | NULL      |
+----+--------+--------------+--------------+------------+-----------+
5 rows in set (0.0007 sec)
 MySQL  localhost:3306 ssl  tbd_e3  SQL > call crear_rfc;
Query OK, 0 rows affected (0.0212 sec)
 MySQL  localhost:3306 ssl  tbd_e3  SQL > select * from personas;
+----+--------+--------------+--------------+------------+--------------+
| id | nombre | apellido_pat | apellido_mat | fecha_nac  | clave_rfc    |
+----+--------+--------------+--------------+------------+--------------+
|  1 | Juan   | Pérez        | Gómez        | 1990-05-15 | PÉGJ19900515 |
|  2 | María  | López        | Martínez     | 1985-09-20 | LÓMM19850920 |
|  3 | Carlos | Hernández    | NULL         | 1978-12-10 | HEXC19781210 |
|  4 | Ana    | Ramírez      | Díaz         | 1995-07-30 | RADA19950730 |
|  5 | Luis   | García       | Sánchez      | 2000-03-25 | GASL20000325 |
+----+--------+--------------+--------------+------------+--------------+
5 rows in set (0.0006 sec)
 MySQL  localhost:3306 ssl  tbd_e3  SQL >